,City,Latitude,Longitude,Max Temp,Humidity,Cloudiness,Wind Speed,Country,Date
0,Albany,42.6001,-73.9662,10.0,62,100,6.19,US,1616985963
1,Port Elizabeth,-33.918,25.5701,18.0,77,0,6.17,ZA,1616985963
2,Martapura,-3.4167,114.85,30.0,74,20,1.03,ID,1616985963
3,Lebu,-37.6167,-73.65,13.22,91,25,4.0,CL,1616985964
4,Rikitea,-23.1203,-134.9692,26.51,71,1,6.54,PF,1616985964
5,Gazojak,41.1875,61.4036,5.68,60,10,2.99,TM,1616985964
6,Saint-Philippe,-21.3585,55.7679,25.0,69,0,3.09,RE,1616985964
7,Carauari,-4.8828,-66.8958,23.13,97,79,0.41,BR,1616985965
8,Puerto Ayora,-0.7393,-90.3518,25.0,93,18,0.45,EC,1616985965
9,Panalingaan,8.7842,117.4231,30.2,65,100,2.37,PH,1616985965
10,Santa Luzia,-19.7697,-43.8514,20.0,83,75,5.66,BR,1616985966
11,Jamestown,42.097,-79.2353,2.78,86,90,10.32,US,1616985833
12,Fortuna,40.5982,-124.1573,9.44,93,75,2.57,US,1616985671
13,Kathu,7.9178,98.3332,31.11,79,40,3.09,TH,1616985966
14,Cherskiy,68.75,161.3,-16.76,83,97,2.59,RU,1616985966
15,Avarua,-21.2078,-159.775,28.0,78,75,6.69,CK,1616985967
16,Punta Arenas,-53.15,-70.9167,4.0,75,0,2.57,CL,1616985967
17,Shingū,33.7333,135.9833,19.0,59,40,4.63,JP,1616985967
18,Port Alfred,-33.5906,26.891,18.44,77,100,8.86,ZA,1616985967
19,Ambon City,-3.6954,128.1814,29.0,74,20,1.54,ID,1616985968
20,Los Llanos de Aridane,28.6585,-17.9182,17.0,72,20,2.06,ES,1616985968
21,Orlik,52.5178,99.825,-4.89,64,100,0.52,RU,1616985968
22,Hilo,19.7297,-155.09,24.0,69,90,3.09,US,1616985969
23,Guerrero Negro,27.9769,-114.0611,19.69,50,18,4.6,MX,1616985776
24,Mataura,-46.1927,168.8643,16.11,90,21,4.02,NZ,1616985969
25,Cape Town,-33.9258,18.4232,20.56,88,0,1.03,ZA,1616985679
26,Busselton,-33.65,115.3333,27.97,30,54,1.06,AU,1616985969
27,Mount Isa,-20.7333,139.5,32.0,18,1,6.69,AU,1616985970
28,Shimoda,34.6667,138.95,20.56,73,40,5.14,JP,1616985970
29,Russell,32.3502,-85.1999,16.0,63,20,3.09,US,1616985970
30,Butaritari,3.0707,172.7902,27.46,79,47,6.61,KI,1616985970
31,Kaeo,-35.1,173.7833,24.44,82,42,5.36,NZ,1616985971
32,Fairview,40.8126,-73.999,14.0,77,90,3.6,US,1616985971
33,Bredasdorp,-34.5322,20.0403,15.0,94,98,3.6,ZA,1616985971
34,Barrow,71.2906,-156.7887,-24.0,64,1,7.2,US,1616985903
35,Batagay,67.6333,134.6333,-10.45,84,100,1.19,RU,1616985972
36,São João da Barra,-21.6403,-41.0511,24.77,89,70,2.53,BR,1616985972
37,Flinders,-34.5833,150.8552,25.0,49,40,2.06,AU,1616985972
38,Tasiilaq,65.6145,-37.6368,-10.0,57,95,2.06,GL,1616985973
39,Yellowknife,62.456,-114.3525,-11.0,62,75,9.77,CA,1616985715
40,Geraldton,-28.7667,114.6,34.0,26,0,2.57,AU,1616985973
41,Saint-Pierre,-21.3393,55.4781,25.0,69,0,3.09,RE,1616985973
42,Kloulklubed,7.0419,134.2556,27.0,94,90,3.09,PW,1616985974
43,Koslan,63.4564,48.8989,-1.46,95,100,3.5,RU,1616985974
44,Safaga,26.7292,33.9365,14.0,51,0,8.75,EG,1616985974
45,Kavieng,-2.5744,150.7967,30.08,63,80,6.38,PG,1616985974
46,Sarangani,5.4033,125.4636,27.8,73,62,1.32,PH,1616985975
47,Sinnamary,5.3833,-52.95,25.3,85,99,6.26,GF,1616985975
48,Yarim,14.298,44.3779,9.25,59,1,1.93,YE,1616985975
49,Belaya Gora,68.5333,146.4167,-11.85,84,56,2.17,RU,1616985975
50,Methóni,36.8197,21.7049,12.22,87,0,2.57,GR,1616985976
51,Tuktoyaktuk,69.4541,-133.0374,-26.0,76,20,3.09,CA,1616985976
52,Provideniya,64.3833,-173.3,-6.96,90,100,8.46,RU,1616985976
53,Margate,51.3813,1.3862,9.44,73,81,2.24,GB,1616985977
54,Mulchén,-37.7167,-72.2333,13.89,54,1,1.52,CL,1616985977
55,Mar del Plata,-38.0023,-57.5575,18.33,88,20,4.12,AR,1616985900
56,Santa Isabel Rio Negro,-0.4139,-65.0192,23.26,97,100,0.19,BR,1616985977
57,Carnarvon,-24.8667,113.6333,30.0,66,0,4.12,AU,1616985709
58,Troitsko-Pechorsk,62.7084,56.1964,-1.87,97,98,2.27,RU,1616985978
59,New Norfolk,-42.7826,147.0587,16.67,50,80,0.89,AU,1616985978
60,Bluff,-46.6,168.3333,16.11,90,25,4.02,NZ,1616985978
61,Port-Gentil,-0.7193,8.7815,25.13,86,100,5.18,GA,1616985979
62,San Vicente,-26.6167,-54.1333,16.76,99,49,0.48,AR,1616985979
63,University Place,47.2356,-122.5504,5.0,81,75,5.66,US,1616985979
64,Maputo,-25.9653,32.5892,20.56,77,20,4.63,MZ,1616985979
65,Inírida,3.8653,-67.9239,22.19,96,100,0.4,CO,1616985841
66,Airai,-8.9266,125.4092,16.72,96,100,1.03,TL,1616985980
67,Suntar,62.1444,117.6319,-2.1,89,79,1.6,RU,1616985980
68,Paamiut,61.994,-49.6678,-15.04,78,38,3.04,GL,1616985980
69,Qaanaaq,77.484,-69.3632,-29.61,80,77,2.89,GL,1616985981
70,Batemans Bay,-35.7167,150.1833,20.56,62,3,1.34,AU,1616985981
71,Ushuaia,-54.8,-68.3,6.0,70,0,2.57,AR,1616985781
72,Nikolskoye,59.7035,30.7861,3.0,87,0,1.0,RU,1616985982
73,Atuona,-9.8,-139.0333,27.17,75,78,7.19,PF,1616985983
74,Chokurdakh,70.6333,147.9167,-15.91,93,97,2.32,RU,1616985983
75,Jinchang,38.4953,102.1739,11.66,26,22,3.56,CN,1616985983
76,Pemangkat,1.1667,108.9667,25.78,82,100,1.37,ID,1616985956
77,Vigrestad,58.5667,5.7,7.78,95,100,2.24,NO,1616985984
78,Esso,55.9333,158.7,-3.49,70,84,3.06,RU,1616985984
79,Bambous Virieux,-20.3428,57.7575,25.0,88,20,2.06,MU,1616985984
80,Ahipara,-35.1667,173.1667,21.96,81,63,3.15,NZ,1616985985
81,Redmond,47.674,-122.1215,6.11,82,100,2.36,US,1616985726
82,Nishihara,26.1842,127.7558,25.0,83,75,2.57,JP,1616985985
83,Stykkisholmur,65.0757,-22.7297,-2.17,70,100,8.27,IS,1616985985
84,Wum,6.3833,10.0667,20.55,40,28,1.41,CM,1616985985
85,East London,-33.0153,27.9116,18.16,76,100,6.19,ZA,1616985986
86,Hobart,-42.8794,147.3294,16.67,41,75,7.2,AU,1616985986
87,Hasaki,35.7333,140.8333,20.56,83,75,2.06,JP,1616985986
88,Dublin,37.7021,-121.9358,16.67,55,1,3.6,US,1616985941
89,Naze,28.3667,129.4833,22.0,78,40,5.14,JP,1616985987
90,Esperance,-33.8667,121.9,35.0,18,0,5.14,AU,1616985987
91,Ponta do Sol,32.6667,-17.1,17.0,77,20,7.72,PT,1616985987
92,Alihe,50.5667,123.7167,2.67,99,100,2.12,CN,1616985987
93,Homer,59.6425,-151.5483,2.0,64,90,1.54,US,1616985735
94,Hamilton,39.1834,-84.5333,5.56,52,20,4.63,US,1616985988
95,Hambantota,6.1241,81.1185,25.0,100,40,2.57,LK,1616985988
96,Hermanus,-34.4187,19.2345,16.67,83,100,3.13,ZA,1616985988
97,Vyazovaya,54.905,58.3561,-3.18,89,96,1.69,RU,1616985989
98,Nyurba,63.2842,118.3319,-2.95,89,94,2.18,RU,1616985989
99,Umba,66.6871,34.3429,0.96,98,100,4.09,RU,1616985989
100,Ružomberok,49.0748,19.3075,0.0,86,0,1.54,SK,1616985989
101,Gao,16.6362,1.637,20.26,14,0,5.72,ML,1616985990
102,Vaitape,-16.5167,-151.75,28.3,72,28,9.48,PF,1616985990
103,Isla Vista,34.4133,-119.861,18.89,72,1,1.54,US,1616985990
104,Kaitangata,-46.2817,169.8464,20.0,65,23,0.89,NZ,1616985991
105,Baykit,61.67,96.37,-2.24,91,100,1.23,RU,1616985991
106,Kapaa,22.0752,-159.319,24.0,73,20,7.2,US,1616985991
107,Byron Bay,-28.65,153.6167,26.67,69,40,5.14,AU,1616985992
108,Castro,-24.7911,-50.0119,16.73,95,32,1.24,BR,1616985992
109,Necochea,-38.5473,-58.7368,15.0,88,38,3.22,AR,1616985992
110,Golden Gate,26.1879,-81.6951,24.0,88,1,1.54,US,1616985992
111,Bethel,41.3712,-73.414,13.0,76,90,3.09,US,1616985993
112,Termoli,41.9888,14.9895,8.33,99,43,1.73,IT,1616985993
113,Townsville,-19.25,146.8,30.0,62,40,6.69,AU,1616985993
114,Pevek,69.7008,170.3133,-21.57,93,89,3.21,RU,1616985994
115,Henties Bay,-22.116,14.2845,15.56,92,0,1.34,NA,1616985994
116,George Town,5.4112,100.3354,29.0,83,20,1.54,MY,1616985776
117,Pisco,-13.7,-76.2167,21.0,73,0,6.17,PE,1616985894
118,Mahébourg,-20.4081,57.7,23.0,88,20,2.06,MU,1616985994
119,Baruun-Urt,46.6806,113.2792,4.78,24,0,4.9,MN,1616985995
120,Ardahan,41.1087,42.7022,-14.66,92,34,0.1,TR,1616985995
121,Leningradskiy,69.3833,178.4167,-16.97,89,100,1.69,RU,1616985995
122,Khatanga,71.9667,102.5,-17.7,92,99,5.02,RU,1616985995
123,Sistranda,63.7256,8.834,5.0,81,75,5.14,NO,1616985996
124,Thompson,55.7435,-97.8558,-5.0,93,90,4.63,CA,1616985996
125,Coclé,8.45,-80.4333,28.33,44,6,1.34,PA,1616985996
126,Talnakh,69.4865,88.3972,-20.91,97,97,3.47,RU,1616985996
127,Ribeira Grande,38.5167,-28.7,15.9,83,70,11.1,PT,1616985997
128,Lakes Entrance,-37.8811,147.981,17.22,62,54,1.79,AU,1616985997
129,Acapulco de Juárez,16.8634,-99.8901,26.0,83,1,2.57,MX,1616985964
130,Ilulissat,69.2167,-51.1,-24.0,49,15,0.51,GL,1616985997
131,Norrtälje,59.758,18.705,5.0,93,90,5.66,SE,1616985998
132,Menomonie,44.8755,-91.9193,-0.56,69,1,2.06,US,1616985734
133,Letpadan,17.7833,95.75,31.95,40,32,2.03,MM,1616985998
134,Kruisfontein,-34.0033,24.7314,13.89,85,100,0.45,ZA,1616985998
135,De-Kastri,51.4667,140.7833,1.85,87,100,4.09,RU,1616985999
136,Ushtobe,45.2514,77.9838,6.24,70,100,4.6,KZ,1616985999
137,Maniitsoq,65.4167,-52.9,-16.94,62,48,4.31,GL,1616985999
138,San Quintín,30.4833,-115.95,16.66,60,11,4.2,MX,1616985999
139,Hithadhoo,-0.6,73.0833,28.2,73,100,13.2,MV,1616986000
140,Benguela,-12.5763,13.4055,23.5,87,100,2.16,AO,1616986000
141,Padang,-0.9492,100.3543,27.0,83,20,0.51,ID,1616986000
142,Sangar,63.9242,127.4739,-6.24,90,99,3.89,RU,1616986000
143,Olafsvik,64.8945,-23.7142,-1.35,65,100,7.14,IS,1616986001
144,Oktyabr'skiy,54.4815,53.471,-10.83,98,64,1.12,RU,1616986001
145,Yuncheng,35.0231,110.9928,18.04,23,82,3.33,CN,1616986001
146,Vernon,50.2581,-119.2691,4.44,65,100,3.6,CA,1616986002
147,Jalu,29.0331,21.5482,11.75,59,4,3.74,LY,1616986002
148,Macon,39.8667,-88.9668,6.0,52,1,3.09,US,1616986002
149,Fonte Boa,-2.4959,-66.2662,23.0,97,79,0.87,BR,1616986002
150,Vostok,46.4856,135.8833,2.95,95,100,1.22,RU,1616986003
151,Clyde River,70.4692,-68.5914,-22.0,84,90,1.54,CA,1616986003
152,Mahon,39.8885,4.2658,11.0,93,0,3.6,ES,1616986003
153,Ossora,59.2353,163.0719,-6.4,63,25,1.51,RU,1616986003
154,Moba,33.2288,105.0179,14.91,54,46,1.37,CN,1616986004
155,Margasari,-7.1,109.0167,30.95,60,100,0.36,ID,1616986004
156,Araouane,18.9048,-3.5265,22.15,8,0,4.86,ML,1616986004
157,Longyearbyen,78.2186,15.6401,-5.0,86,20,5.66,SJ,1616985733
158,Klamath Falls,42.2249,-121.7817,14.0,26,1,10.29,US,1616986005
159,Broken Hill,-31.95,141.4333,22.0,37,3,4.63,AU,1616986005
160,Vaini,-21.2,-175.2,29.0,79,20,5.14,TO,1616986005
161,Norman Wells,65.282,-126.8329,-18.0,50,40,6.17,CA,1616986005
162,Taikang,46.8333,124.4167,7.11,67,92,6.74,CN,1616986006
163,Vredendal,-31.6683,18.5012,18.58,51,100,0.94,ZA,1616986006
164,Dikson,73.5069,80.5464,-31.48,99,97,3.27,RU,1616986006
165,Sri Aman,1.2376,111.4621,28.0,89,40,1.54,MY,1616986007
166,Aswān,24.0934,32.907,14.33,38,0,6.16,EG,1616986007
167,Labuhan,-6.8844,112.2051,29.36,70,93,0.96,ID,1616986007
168,Abay,49.6311,72.8539,-8.0,79,0,7.0,KZ,1616986007
169,Codrington,-38.2667,141.9667,17.7,57,39,4.49,AU,1616986008
170,Chui,-33.6971,-53.4616,16.53,94,2,2.31,UY,1616986008
171,Gobabis,-22.45,18.9667,19.06,65,10,5.26,NA,1616986008
172,Mossamedes,-15.1961,12.1522,22.47,78,56,1.17,AO,1616986009
173,Aksarka,66.5606,67.7975,-25.24,99,84,0.32,RU,1616986009
174,Meulaboh,4.1363,96.1285,28.0,72,92,2.6,ID,1616985791
175,Nemuro,43.3236,145.575,8.0,100,75,5.14,JP,1616986009
176,Baní,18.2833,-70.3333,23.89,82,6,0.89,DO,1616986009
177,Ürümqi,43.801,87.6005,10.0,71,75,4.0,CN,1616986010
178,Puma,-5.0,34.7333,14.33,94,91,2.92,TZ,1616986010
179,Praia da Vitória,38.7333,-27.0667,16.0,77,20,9.41,PT,1616986010
180,Mildura,-34.2,142.15,23.89,38,0,3.09,AU,1616986011
181,Tura,25.5198,90.2201,30.29,27,0,2.59,IN,1616986011
182,Trat,12.5,102.5,34.44,79,40,1.03,TH,1616986011
183,Lavrentiya,65.5833,-171.0,-9.44,90,100,8.48,RU,1616986011
184,Cayenne,4.9333,-52.3333,27.0,78,75,3.6,GF,1616986012
185,Bandarbeyla,9.4942,50.8122,24.45,71,41,0.99,SO,1616986012
186,Katsuura,35.1333,140.3,22.0,64,40,1.03,JP,1616986012
187,Narsaq,60.9167,-46.05,-7.0,49,0,2.06,GL,1616986012
188,Barreiras,-12.1528,-44.99,24.86,53,92,1.32,BR,1616986013
189,Prince Rupert,54.3161,-130.3201,6.0,52,90,7.2,CA,1616985911
190,Hot Springs,34.5037,-93.0552,13.0,38,1,1.46,US,1616985714
191,Ambanja,-13.6833,48.45,23.56,91,30,1.25,MG,1616986013
192,Grand Gaube,-20.0064,57.6608,25.0,80,25,0.89,MU,1616986013
193,Kuching,1.55,110.3333,31.0,70,40,2.06,MY,1616986014
194,Kumul,42.8,93.45,17.85,22,100,7.56,CN,1616986014
195,Viranşehir,37.2353,39.7631,4.97,51,0,2.65,TR,1616986014
196,Anse-Bertrand,16.4721,-61.5078,25.0,83,20,4.12,GP,1616986014
197,Egvekinot,66.3167,-179.1667,-14.01,86,100,6.16,RU,1616986015
198,Pahrump,36.2083,-115.9839,20.0,13,0,1.37,US,1616986015
199,Saskylakh,71.9167,114.0833,-16.04,92,100,2.92,RU,1616986015
200,Aykhal,66.0,111.5,-5.37,90,100,3.37,RU,1616986016
201,Brownsville,25.9018,-97.4975,16.0,82,90,2.57,US,1616986002
202,Severo-Kuril'sk,50.6789,156.125,-0.17,75,5,1.05,RU,1616986016
203,Labytnangi,66.6572,66.4183,-22.72,99,80,1.71,RU,1616986016
204,Lively,46.4334,-81.1498,-1.67,86,90,9.26,CA,1616986016
205,Arraial do Cabo,-22.9661,-42.0278,25.06,90,42,4.24,BR,1616986017
206,Tchibanga,-2.85,11.0333,21.69,97,100,0.81,GA,1616986017
207,Klaksvík,62.2266,-6.589,4.0,93,75,2.06,FO,1616986017
208,Chara,56.9064,118.2631,-8.12,74,42,1.23,RU,1616986018
209,Srednekolymsk,67.45,153.6833,-13.14,81,99,2.93,RU,1616986018
210,Sorong,-0.8833,131.25,25.49,89,100,1.44,ID,1616985763
211,Laas,46.6166,10.7002,6.67,69,0,1.54,IT,1616985752
212,St. George's,12.0564,-61.7485,27.0,83,75,6.17,GD,1616985737
213,Port Lincoln,-34.7333,135.8667,20.49,63,4,4.36,AU,1616986018
214,Coquimbo,-29.9533,-71.3436,13.0,88,0,2.06,CL,1616986019
215,Pīshvā,35.308,51.7267,5.0,48,0,3.09,IR,1616986019
216,Hervey Bay,-25.2986,152.8535,27.22,64,100,2.24,AU,1616986019
217,Dmitriyevka,54.75,55.3333,-7.0,68,0,4.0,RU,1616986019
218,Adrar,20.5022,-10.0711,23.1,10,49,0.81,MR,1616986020
219,Bairiki Village,1.3292,172.9752,30.0,74,20,6.69,KI,1616986020
220,‘Āhuimanu,21.4447,-157.8378,26.0,57,75,6.69,US,1616986020
221,Kuliyapitiya,7.4688,80.0401,26.0,78,20,1.54,LK,1616986021
222,Bereda,43.2686,-7.5406,8.33,86,2,0.44,ES,1616986021
223,San Patricio,28.017,-97.5169,16.11,67,90,5.66,US,1616986021
224,Baker City,44.7749,-117.8344,18.0,16,1,10.8,US,1616986021
225,Saint Anthony,45.0205,-93.218,4.0,48,1,2.06,US,1616986022
226,Upernavik,72.7868,-56.1549,-31.16,72,19,2.14,GL,1616986022
227,Pāsighāt,28.0667,95.3333,30.27,16,0,1.36,IN,1616986022
228,Poum,-20.2333,164.0167,27.0,73,24,2.28,NC,1616986023
229,De Aar,-30.6497,24.0123,16.54,35,22,1.19,ZA,1616986023
230,Derbent,42.0678,48.2899,7.5,74,77,1.19,RU,1616985931
231,Torbay,47.6666,-52.7314,-3.89,74,75,2.57,CA,1616986023
232,Pangnirtung,66.1451,-65.7125,-17.03,82,100,2.25,CA,1616986023
233,Ekhabi,53.5102,142.9671,-0.49,92,100,5.66,RU,1616986024
234,Celestún,20.8667,-90.4,25.99,80,20,8.17,MX,1616986024
235,Hualmay,-11.0964,-77.6139,21.04,82,75,2.66,PE,1616986024
236,Aklavik,68.2191,-135.0107,-19.0,50,27,1.54,CA,1616986025
237,Wuxue,29.8506,115.5525,23.55,69,9,3.92,CN,1616986025
238,Churapcha,62.0025,132.4325,-3.1,80,100,2.26,RU,1616986025
239,Beringovskiy,63.05,179.3167,-9.37,88,100,7.99,RU,1616986026
240,Saint George,37.1041,-113.5841,21.0,18,1,3.09,US,1616986026
241,Vila Franca do Campo,37.7167,-25.4333,15.0,77,75,5.14,PT,1616986026
242,Marietta,33.9526,-84.5499,14.0,44,75,5.66,US,1616985818
243,Iskateley,67.6803,53.1512,0.62,98,100,5.44,RU,1616986026
244,Baraki Barak,33.9675,68.9486,11.93,22,0,3.74,AF,1616986027
245,Triunfo,-29.9433,-51.7181,23.0,100,40,1.03,BR,1616986027
246,Yumen,40.2833,97.2,11.66,34,96,7.52,CN,1616986027
247,Lahijan,37.2061,50.0029,8.0,100,40,1.12,IR,1616986028
248,Monrovia,6.3005,-10.7969,24.0,94,75,0.4,LR,1616985739
249,Bismarck,46.8083,-100.7837,12.0,40,1,4.12,US,1616986028
250,Dali,25.7,100.1833,20.45,19,3,3.74,CN,1616986028
251,Ankazoabo,-22.2833,44.5167,18.73,93,3,1.79,MG,1616986029
252,Vao,-22.6667,167.4833,25.45,80,16,5.93,NC,1616986029
253,Samarai,-10.6167,150.6667,29.08,74,62,5.94,PG,1616986029
254,Chumikan,54.7183,135.315,-2.5,89,100,7.7,RU,1616986029
255,Parabel',58.6978,81.4825,-6.12,92,100,4.22,RU,1616986030
256,Calama,-22.4667,-68.9333,14.0,18,0,3.09,CL,1616986030
257,Sept-Îles,50.2001,-66.3821,-2.78,100,90,10.8,CA,1616986030
258,Alekseyevsk,57.8406,108.3492,-0.51,89,100,1.79,RU,1616986030
259,Shenkursk,62.1091,42.896,-3.32,94,41,3.09,RU,1616986031
260,Murray Bridge,-35.1167,139.2667,22.22,54,0,2.48,AU,1616986031
261,Van,38.4924,43.3831,-3.0,86,40,2.02,TR,1616986031
262,Leshukonskoye,64.8989,45.7622,0.4,95,100,3.4,RU,1616986032
263,Zhigansk,66.7697,123.3711,-7.28,90,100,2.76,RU,1616986032
264,Bariloche,-41.1456,-71.3082,16.11,35,0,3.6,AR,1616986032
265,Bitkine,11.9801,18.2138,23.94,15,6,5.3,TD,1616986032
266,Faanui,-16.4833,-151.75,28.3,72,30,9.48,PF,1616986033
267,Hong Kong,22.2855,114.1577,26.67,83,30,0.89,HK,1616985902
268,Qasigiannguit,68.8193,-51.1922,-24.0,49,17,0.51,GL,1616986033
269,Katherine,-14.4667,132.2667,33.0,43,51,8.23,AU,1616986033
270,Sitka,57.0531,-135.33,4.0,41,40,4.63,US,1616986033
271,Oromocto,45.8351,-66.4792,1.0,86,90,3.6,CA,1616986034
272,Cabo San Lucas,22.8909,-109.9124,22.0,40,40,3.02,MX,1616986034
273,Marijampolė,54.5667,23.35,0.0,86,0,2.57,LT,1616986034
274,Ankara,39.9199,32.8543,3.33,93,0,0.77,TR,1616985759
275,Mayo,38.8876,-76.5119,15.0,38,90,11.32,US,1616986035
276,Yokadouma,3.5167,15.05,21.16,86,14,0.34,CM,1616986035
277,Weligama,5.9667,80.4167,27.37,68,19,1.67,LK,1616986035
278,Tiksi,71.6872,128.8694,-13.16,87,100,0.38,RU,1616986036
279,Portland,45.5234,-122.6762,6.11,72,60,0.45,US,1616985718
280,Talara,-4.5772,-81.2719,22.11,77,48,4.7,PE,1616986036
281,Anáhuac,27.2333,-100.15,17.84,42,100,1.97,MX,1616986036
282,Waingapu,-9.6567,120.2641,29.37,73,100,4.51,ID,1616986037
283,Cidreira,-30.1811,-50.2056,21.66,86,2,3.04,BR,1616986037
284,São Félix do Xingu,-6.6447,-51.995,22.06,94,76,0.77,BR,1616986037
285,Ucluelet,48.9329,-125.5528,6.67,67,20,3.58,CA,1616985868
286,Nome,64.5011,-165.4064,-2.78,86,90,7.72,US,1616986038
287,Palmer,42.1584,-72.3287,9.44,100,90,2.06,US,1616986038
288,Half Moon Bay,37.4636,-122.4286,13.89,100,90,3.09,US,1616986038
289,Ambulu,-8.345,113.6058,29.18,70,81,1.23,ID,1616986038
290,Birao,10.2849,22.7882,23.88,11,0,5.1,CF,1616986039
291,Taoudenni,22.6783,-3.9836,23.73,8,11,5.51,ML,1616986039
292,Vanderbijlpark,-26.7117,27.838,13.33,85,6,2.24,ZA,1616986039
293,Santa Vitória do Palmar,-33.5189,-53.3681,16.54,93,0,2.51,BR,1616986040
294,Hofn,64.2539,-15.2082,-2.63,60,5,3.6,IS,1616986040
295,Yulara,-25.2406,130.9889,29.0,32,0,6.17,AU,1616986040
296,Painesville,41.7245,-81.2457,4.44,75,90,11.83,US,1616985806
297,Marsh Harbour,26.5412,-77.0636,24.46,79,4,4.47,BS,1616986041
298,Goya,-29.14,-59.2626,15.94,81,25,1.49,AR,1616986041
299,Krāslava,55.8951,27.168,-0.15,89,10,1.58,LV,1616986041
300,Sassandra,4.95,-6.0833,24.28,93,96,2.48,CI,1616986042
301,Charlestown,-32.95,151.6667,25.0,74,10,2.74,AU,1616986042
302,Hohhot,40.8106,111.6522,7.0,23,20,1.0,CN,1616986042
303,Petropavlovsk-Kamchatskiy,53.0452,158.6483,0.0,43,2,8.0,RU,1616986042
304,Springdale,36.1867,-94.1288,11.0,53,1,1.84,US,1616985965
305,Burgeo,47.6167,-57.6152,-2.45,77,100,7.85,CA,1616985849
306,Praia,14.9215,-23.5087,20.0,68,20,9.77,CV,1616986043
307,Whitehorse,60.7161,-135.0538,-5.56,27,20,5.14,CA,1616986043
308,Waipawa,-41.4122,175.5153,18.33,100,90,6.17,NZ,1616986043
309,Ambāgarh Chauki,20.7833,80.7167,33.66,10,1,3.25,IN,1616986044
310,Krasnyy Yar,46.5331,48.3456,1.0,86,0,4.0,RU,1616986044
311,Ivaiporã,-24.2478,-51.6847,18.58,94,5,1.55,BR,1616986044
312,Fremont,37.5483,-121.9886,17.22,67,1,4.63,US,1616985375
313,Lefka,35.1106,32.8506,8.0,71,0,4.12,CY,1616986045
314,Evensk,61.95,159.2333,-14.94,82,48,0.51,RU,1616985758
315,Carutapera,-1.195,-46.02,23.96,94,60,2.41,BR,1616986045
316,Paka,4.6374,103.4368,30.0,74,40,2.06,MY,1616986045
317,Babu,24.4167,111.5167,28.78,64,50,3.01,CN,1616986046
318,Lüderitz,-26.6481,15.1594,15.75,85,0,2.31,NA,1616986046
319,Nabire,-3.3667,135.4833,28.37,72,100,1.08,ID,1616986046
320,Souillac,-20.5167,57.5167,23.0,88,20,2.06,MU,1616986046
321,Basco,20.4487,121.9702,26.2,78,37,0.33,PH,1616986047
322,Saint Paul Harbor,57.79,-152.4072,7.0,57,1,4.12,US,1616986047
323,‘Ewa Beach,21.3156,-158.0072,26.0,57,20,3.6,US,1616986017
324,Galesong,-5.3166,119.3661,28.0,78,20,1.03,ID,1616986047
325,Grindavik,63.8424,-22.4338,-2.0,74,75,6.17,IS,1616986048
326,Dingle,10.9995,122.6711,30.32,62,100,5.2,PH,1616986048
327,Philadelphia,39.9523,-75.1638,13.0,76,90,4.12,US,1616985898
328,Huadian,42.9633,126.7478,8.41,36,35,9.39,CN,1616986050
329,Natalio,-26.7167,-55.0833,17.99,92,56,1.26,PY,1616986050
330,Waddān,29.1614,16.139,11.99,40,10,3.16,LY,1616986051
331,Marsá Maţrūḩ,31.3525,27.2453,14.0,58,40,4.63,EG,1616986051
332,La Ligua,-32.4524,-71.2311,15.96,81,0,0.78,CL,1616986051
333,Arefu,45.3333,24.6,-2.0,86,0,1.54,RO,1616986051
334,Yarensk,62.1675,49.0916,-2.23,93,100,2.64,RU,1616986052
335,Yerbogachën,61.2767,108.0108,-3.93,90,100,1.45,RU,1616986052
336,Mayor Pablo Lagerenza,-19.9309,-60.7718,18.85,73,33,3.5,PY,1616986052
337,Kwekwe,-18.9281,29.8149,17.12,72,75,5.14,ZW,1616986053
338,Dera Ghazi Khan,30.0561,70.6348,29.1,24,0,0.92,PK,1616985850
339,Bridgetown,13.1,-59.6167,26.0,69,40,10.29,BB,1616986053
340,Vanavara,60.34,102.2797,-3.23,92,100,1.59,RU,1616986053
341,Salalah,17.0151,54.0924,23.0,43,0,1.03,OM,1616986054
342,Biloela,-24.4167,150.5,30.73,30,100,3.76,AU,1616986054
343,Sault Ste. Marie,46.5168,-84.3333,1.0,60,90,6.69,CA,1616985764
344,Strezhevoy,60.7333,77.5889,-14.0,85,0,2.0,RU,1616985860
345,Toamasina,-18.1667,49.3833,22.0,94,20,1.54,MG,1616986054
346,Ayan,56.45,138.1667,-2.98,87,100,3.07,RU,1616986054
347,Campbell River,50.0163,-125.2446,6.0,42,20,10.29,CA,1616986055
348,Yar-Sale,66.8333,70.8333,-25.92,98,26,2.9,RU,1616986055
349,Mananjary,-21.2167,48.3333,23.1,90,9,2.47,MG,1616986055
350,Ancud,-41.8697,-73.8203,14.44,82,0,6.17,CL,1616985788
351,Nelson Bay,-32.7167,152.15,23.89,60,40,5.66,AU,1616986056
352,Lumphat,13.4878,106.9816,35.14,36,64,1.52,KH,1616986056
353,Umeå,63.8284,20.2597,1.0,100,90,2.57,SE,1616986056
354,Nanortalik,60.1432,-45.2371,-6.37,68,0,8.6,GL,1616986056
355,Sikonge,-5.6333,32.7667,16.76,96,100,1.31,TZ,1616986057
356,Jizan,17.3333,42.6667,26.0,73,1,1.46,SA,1616986057
357,Vanimo,-2.6741,141.3028,30.8,58,92,2.73,PG,1616986057
358,Kilindoni,-7.9139,39.6668,26.85,76,88,0.51,TZ,1616986058
359,Saldanha,-33.0117,17.9442,17.0,67,100,1.03,ZA,1616986058
360,Pecos,31.4229,-103.4932,15.0,20,1,1.54,US,1616986058
361,Touros,-5.1989,-35.4608,24.0,94,75,2.06,BR,1616986058
362,Vardø,70.3705,31.1107,1.0,86,75,4.12,NO,1616986059
363,Sørland,67.667,12.6934,4.29,91,100,13.36,NO,1616986059
364,Umm Kaddadah,13.6017,26.6876,17.69,14,0,8.42,SD,1616986059
365,Lompoc,34.6391,-120.4579,13.0,82,1,3.09,US,1616986060
366,Laguna,38.421,-121.4238,24.0,25,1,4.12,US,1616986060
367,Ivanovo,56.9942,40.9858,-5.2,99,39,1.37,RU,1616986026
368,Saint-Augustin,51.226,-58.6502,-13.49,93,82,0.73,CA,1616986060
369,Tigil',57.8,158.6667,-3.23,91,100,9.68,RU,1616986060
370,Broome,42.2506,-75.833,7.0,57,90,9.26,US,1616986061
371,Ginir,7.1333,40.7,14.92,41,91,1.8,ET,1616986061
372,Ketchikan,55.3422,-131.6461,6.0,52,1,8.75,US,1616986061
373,Kota Belud,6.351,116.4305,30.0,79,20,2.06,MY,1616986062
374,Yuanping,38.7153,112.7575,12.12,19,94,0.79,CN,1616986062
375,Rāwah,34.4816,41.9093,10.23,34,0,3.4,IQ,1616986062
376,Tamale,9.4008,-0.8393,28.05,16,3,2.34,GH,1616986063
377,Tuatapere,-46.1333,167.6833,16.11,90,64,4.02,NZ,1616986063
378,Tautira,-17.7333,-149.15,31.0,51,40,8.23,PF,1616986063
379,Nuuk,64.1835,-51.7216,-14.0,61,20,1.03,GL,1616986063
380,Nambucca Heads,-30.65,153.0,25.56,73,3,4.12,AU,1616986064
381,Port Hedland,-20.3167,118.5667,38.0,30,46,4.12,AU,1616986064
382,Husavik,66.0449,-17.3389,-1.0,100,90,2.57,IS,1616986064
383,Rio Grande,-32.035,-52.0986,17.22,97,52,3.37,BR,1616985885
384,Winslow,35.0242,-110.6974,17.0,16,1,2.06,US,1616985900
385,Lichinga,-13.3128,35.2406,17.0,100,75,4.12,MZ,1616986065
386,Aripuanã,-9.1667,-60.6333,21.94,98,57,0.36,BR,1616986065
387,Tungor,53.3808,142.9564,-0.34,93,100,5.73,RU,1616986065
388,Bud,39.447,-86.1758,3.33,65,1,3.3,US,1616986065
389,Ixtapa,20.7,-105.2,22.22,83,75,1.54,MX,1616985779
390,Road Town,18.4167,-64.6167,25.56,83,0,8.05,VG,1616985846
391,Lixouri,38.2019,20.4314,12.7,77,0,2.98,GR,1616986066
392,Magadan,59.5667,150.8,-9.53,82,59,2.12,RU,1616985971
393,West Bay,19.3667,-81.4167,27.0,78,20,4.12,KY,1616986066
394,Malbork,54.0359,19.0266,7.22,74,100,5.5,PL,1616986067
395,Tupik,54.4253,119.9327,-1.53,75,43,3.17,RU,1616986067
396,Sibu,2.3,111.8167,28.0,83,40,1.03,MY,1616986067
397,Plettenberg Bay,-34.0527,23.3716,17.57,71,100,1.9,ZA,1616986067
398,Pochutla,15.7432,-96.4661,27.22,67,0,1.38,MX,1616986068
399,Hoquiam,46.9809,-123.8893,6.11,87,75,8.23,US,1616986068
400,Camacha,33.0833,-16.3333,17.0,88,40,5.14,PT,1616986068
401,Pimentel,-6.8367,-79.9342,20.56,85,53,1.34,PE,1616986068
402,Christchurch,-43.5333,172.6333,28.33,28,2,4.12,NZ,1616985988
403,Arlit,18.7369,7.3853,18.63,16,0,3.19,NE,1616986069
404,Turukhansk,65.8167,87.9833,-16.17,95,100,2.56,RU,1616986069
405,Pákozd,47.2137,18.5331,3.33,86,0,1.03,HU,1616986070
406,Ca Mau,9.1769,105.15,33.15,45,85,3.64,VN,1616986009
407,Tooele,40.5308,-112.2983,13.33,40,1,6.69,US,1616986070
408,Ilabaya,-17.4208,-70.5133,19.02,79,32,0.93,PE,1616986070
409,Kudahuvadhoo,2.6708,72.8944,26.32,88,100,12.19,MV,1616986000
410,Kasama,-10.2129,31.1808,16.33,95,100,1.39,ZM,1616986071
411,Berlevåg,70.8578,29.0864,-0.57,90,91,6.36,NO,1616986071
412,Rock Sound,24.9,-76.2,24.98,70,3,5.52,BS,1616986071
413,Honchō,41.8833,140.6833,13.0,88,75,5.66,JP,1616986071
414,Khāsh,28.2211,61.2158,14.26,35,9,2.99,IR,1616986072
415,Bengkulu,-3.8004,102.2655,28.77,70,47,1.84,ID,1616986072
416,Ilhabela,-23.7781,-45.3581,24.88,85,96,1.67,BR,1616986072
417,Atar,20.5169,-13.0499,23.0,25,51,3.59,MR,1616985962
418,Beisfjord,68.3751,17.5988,6.0,70,90,4.63,NO,1616986073
419,Bethanien,-26.502,17.1583,19.83,39,0,1.23,NA,1616986073
420,Raudeberg,61.9875,5.1352,6.67,82,100,11.23,NO,1616986073
421,Ostrovnoy,68.0531,39.5131,1.85,98,98,7.94,RU,1616986074
422,Marang,5.2056,103.2059,29.0,79,20,1.54,MY,1616986074
423,Nouadhibou,20.931,-17.0347,17.0,94,0,6.69,MR,1616986074
424,Lorengau,-2.0226,147.2712,30.16,67,94,4.61,PG,1616986074
425,Riyadh,24.6877,46.7219,16.0,25,0,2.57,SA,1616986075
426,Llanes,43.4198,-4.7549,12.22,79,0,2.17,ES,1616986075
427,Anadyr,64.75,177.4833,-10.0,79,75,11.0,RU,1616986075
428,Los Aquijes,-14.0967,-75.6908,21.0,73,0,6.17,PE,1616986075
429,Rongcheng,30.634,117.8517,24.92,51,1,1.36,CN,1616986076
430,Iracoubo,5.4802,-53.2011,25.25,84,100,6.31,GF,1616986076
431,Gimli,50.6336,-96.9907,2.0,55,88,8.23,CA,1616986076
432,Linhares,-19.3911,-40.0722,23.04,92,41,1.08,BR,1616986077
433,Bathsheba,13.2167,-59.5167,26.0,69,40,10.29,BB,1616986077
434,Fălciu,46.2961,28.1408,5.07,61,65,8.68,RO,1616986077
435,Tacuatí,-23.45,-56.5833,21.45,96,99,1.01,PY,1616986077
436,Devonport,-41.1667,146.35,16.11,47,100,0.89,AU,1616986078
437,Spornoye,50.8448,37.2913,0.0,74,0,3.0,RU,1616986078
438,Comodoro Rivadavia,-45.8667,-67.5,12.0,87,0,1.54,AR,1616985979
439,Burnie,-41.0667,145.9167,16.32,45,100,5.08,AU,1616985867
440,São Gabriel da Cachoeira,-0.1303,-67.0892,22.08,97,100,0.6,BR,1616986079
441,Ordzhonīkīdze,52.4411,61.7408,-10.34,84,11,3.78,KZ,1616986079
442,Colesberg,-30.72,25.0972,15.49,43,75,1.92,ZA,1616986079
443,Dhola,21.8833,71.7833,29.83,29,64,1.17,IN,1616986079
444,Óbidos,-1.9175,-55.5181,23.64,91,34,1.17,BR,1616986080
445,Port Hardy,50.6996,-127.4199,5.0,75,40,8.75,CA,1616986080
446,Vila,42.0304,-8.1588,10.0,65,29,0.45,PT,1616986080
447,Usinsk,65.9939,57.5281,-1.94,98,100,3.03,RU,1616986080
448,Wamba,8.9333,8.6,25.92,21,29,1.7,NG,1616986081
449,Santa Inês,-3.6667,-45.38,22.38,98,78,1.44,BR,1616986081
450,Tiznit Province,29.5833,-9.5,17.77,44,24,7.2,MA,1616986081
451,Sibolga,1.7427,98.7792,27.86,77,65,0.53,ID,1616986030
452,San Cristobal,7.7669,-72.225,24.0,94,40,1.03,VE,1616986082
453,Athabasca,54.7169,-113.2854,1.0,93,100,2.57,CA,1616985911
454,Abu Samrah,35.3029,37.1841,6.2,69,0,1.87,SY,1616986082
455,Stephenville,32.2207,-98.2023,15.0,41,1,3.73,US,1616986082
456,Anking,30.5092,117.0506,24.01,48,1,1.15,CN,1616986083
457,Tawang Town,27.5833,91.8667,11.86,19,0,2.24,IN,1616986083
458,Namatanai,-3.6667,152.4333,28.8,70,90,3.46,PG,1616986083
459,Yilan,24.757,121.753,28.0,74,75,1.54,TW,1616986083
460,Inhambane,-23.865,35.3833,22.87,73,23,5.48,MZ,1616986084
461,Ola,59.5833,151.2833,-9.05,81,59,2.04,RU,1616985896
462,Teya,60.3778,92.6267,-1.94,90,99,1.55,RU,1616986084
463,Tevriz,57.509,72.4042,-8.62,90,100,4.77,RU,1616986084
464,Te Anau,-45.4167,167.7167,18.6,57,21,1.7,NZ,1616986085
465,Kumluca,36.3703,30.2869,11.95,50,5,2.23,TR,1616986085
466,Takoradze,4.8845,-1.7554,25.99,88,91,2.7,GH,1616986085
467,Kidal,18.4411,1.4078,20.34,12,0,5.88,ML,1616986085
468,Somerset,40.5668,-74.5496,13.0,62,90,3.6,US,1616986086
469,Luna,10.9667,123.2333,28.63,72,100,3.65,PH,1616986086
470,São Filipe,14.8961,-24.4956,20.5,72,32,6.71,CV,1616986086
471,Denpasar,-8.65,115.2167,29.0,79,20,1.54,ID,1616985863
472,Nardaran,40.5561,50.0056,7.0,93,0,2.06,AZ,1616986087
473,Coos Bay,43.3665,-124.2179,7.0,87,90,6.69,US,1616986087
474,Highland Park,42.1817,-87.8003,4.0,41,1,1.54,US,1616985842
475,Okha,53.5739,142.9478,-0.44,91,100,5.74,RU,1616986087
476,Fichē,9.8,38.7333,10.73,43,97,0.3,ET,1616986088
477,Vila Velha,-20.3297,-40.2925,24.0,88,0,2.06,BR,1616986088
478,Faya,18.3851,42.4509,15.0,41,1,1.54,SA,1616986088
479,Mingshui,36.7167,117.5,12.13,30,100,4.11,CN,1616986088
480,Chernyshevskiy,63.0128,112.4714,-3.62,90,100,2.37,RU,1616986089
481,Carmo do Paranaíba,-19.0008,-46.3161,20.56,46,4,0.92,BR,1616986089
482,Ampanihy,-24.7,44.75,19.59,93,3,1.0,MG,1616986089
483,Luangwa,-15.6167,30.4167,20.87,92,29,2.89,ZM,1616986090
484,Saint-Paul,-21.0096,55.2707,25.0,78,0,2.06,RE,1616986090
485,Sheridan,44.8333,-106.9173,15.0,23,1,6.17,US,1616986090
486,Lagoa,39.05,-27.9833,15.21,82,99,8.0,PT,1616986090
487,Trelew,-43.249,-65.3051,15.08,88,13,5.75,AR,1616986091
488,Abu Dhabi,24.4667,54.3667,23.0,73,0,3.09,AE,1616986091
489,Zaozyornoye,45.1582,33.2787,7.78,59,100,5.12,UA,1616986091
490,Concarneau,47.875,-3.9225,8.0,100,90,1.03,FR,1616986092
491,La Ronge,55.1001,-105.2842,2.0,80,100,3.09,CA,1616986092
492,Kondoa,-4.9,35.7833,15.74,95,95,1.56,TZ,1616986092
493,Tateyama,34.9833,139.8667,22.0,64,40,1.03,JP,1616986092
494,Hove,50.8309,-0.1672,8.89,95,94,1.34,GB,1616986093
495,Caceres,39.522,-6.3748,9.82,72,91,3.41,ES,1616986093
496,Ozernovskiy,51.5,156.5167,-2.26,69,2,1.38,RU,1616986093
497,Pierre,44.3683,-100.351,13.0,35,1,2.57,US,1616986094
498,Myaundzha,63.0494,147.1858,-11.85,79,44,1.73,RU,1616986094
499,Kuusamo,65.9667,29.1833,1.0,80,0,4.12,FI,1616986094
500,Moranbah,-22.0016,148.0466,30.85,34,98,7.09,AU,1616986094
501,Saint-François,46.4154,3.9054,1.11,93,0,0.51,FR,1616986095
502,Mabaruma,8.2,-59.7833,22.68,98,82,2.0,GY,1616986095
503,Batagay-Alyta,67.8006,130.4114,-11.92,68,86,1.25,RU,1616986095
504,Matara,5.9485,80.5353,27.62,67,25,1.53,LK,1616986096
505,Westport,41.1415,-73.3579,12.22,96,100,0.45,US,1616986096
506,Popondetta,-8.7537,148.2534,32.93,49,92,3.34,PG,1616986096
507,Rafai,4.95,23.9167,19.53,40,0,1.21,CF,1616986096
508,Dunedin,-45.8742,170.5036,17.78,72,17,4.47,NZ,1616985865
509,Povenets,62.8487,34.8262,1.04,98,100,3.85,RU,1616986097
510,Harrison,30.4091,-89.0436,17.0,51,75,4.63,US,1616986097
511,Almeirim,-1.5233,-52.5817,23.13,94,97,1.59,BR,1616985829
512,Redlands,34.0556,-117.1825,29.0,10,1,3.6,US,1616986097
513,Djibo,14.1022,-1.6306,22.79,11,0,4.84,BF,1616986098
514,Boyuibe,-20.4167,-63.2833,14.33,90,100,2.27,BO,1616986098
515,Krasnosel'kup,65.7,82.4667,-18.13,94,35,5.4,RU,1616986098
516,Antofagasta,-23.65,-70.4,16.0,72,0,1.54,CL,1616985851
517,Thunder Bay,48.4001,-89.3168,-4.0,68,1,0.91,CA,1616985877
518,Fort Nelson,58.8053,-122.7002,-12.0,85,90,7.72,CA,1616986099
519,Chardara,41.2547,67.9692,8.18,77,100,5.11,KZ,1616986099
520,Kajiado,-1.8524,36.7768,16.92,79,99,2.27,KE,1616986099
521,Iqaluit,63.7506,-68.5145,-12.0,85,90,2.06,CA,1616986100
522,Sambava,-14.2667,50.1667,24.07,92,100,1.68,MG,1616986100
523,Cairns,-16.9167,145.7667,31.11,55,100,9.26,AU,1616985893
524,Chilca,-12.5211,-76.7372,21.0,78,0,4.12,PE,1616986101
525,Inuvik,68.3499,-133.7218,-19.0,50,32,1.54,CA,1616986101
526,Bembèrèkè,10.2283,2.6634,23.18,17,3,2.26,BJ,1616986101
527,Bicester,51.9,-1.1536,10.0,90,89,5.81,GB,1616986102
528,Safi,32.2994,-9.2372,16.9,70,58,1.84,MA,1616986102
529,Oranjestad,12.524,-70.027,27.0,74,20,8.75,AW,1616985803
530,Voyvozh,62.892,54.9635,-1.79,96,100,2.7,RU,1616986102
531,Kiunga,-6.1219,141.2906,29.57,64,100,1.9,PG,1616986103
532,Lebowakgomo,-24.2,29.5,15.0,94,75,5.66,ZA,1616986103
533,Great Falls,47.5002,-111.3008,15.0,19,1,10.29,US,1616985877
534,Soto la Marina,23.7667,-98.2167,17.78,66,100,4.47,MX,1616986103
535,Kangaatsiaq,68.3065,-53.4641,-24.56,75,74,4.39,GL,1616986103
536,Vicuña,-30.0319,-70.7081,13.0,88,0,2.06,CL,1616986104
537,Panabá,21.2833,-88.2667,25.36,70,5,5.4,MX,1616986104
538,Gweta,-20.1833,25.2333,21.2,58,86,6.69,BW,1616986104
539,Muros,42.7762,-9.0603,11.11,75,3,0.45,ES,1616986105
540,Tzucacab,20.0667,-89.05,25.53,71,3,2.87,MX,1616986105
541,Pontes e Lacerda,-15.2261,-59.3353,24.37,73,87,1.26,BR,1616986105
542,Muroto-misakicho,33.2833,134.15,18.0,72,0,3.6,JP,1616986105
543,Kasongo,-4.45,26.6667,19.79,95,99,1.37,CD,1616986106
544,Viedma,-40.8135,-62.9967,15.26,41,64,2.74,AR,1616986106
545,Muli,2.9167,73.5667,25.92,92,100,11.35,MV,1616986106
546,Luwuk,-0.9516,122.7875,29.06,73,99,0.88,ID,1616986106
547,Kavaratti,10.5669,72.642,28.54,71,100,1.45,IN,1616986107
548,Dingcheng,32.1272,115.0394,22.57,52,14,2.8,CN,1616986107
549,Teguise,29.0605,-13.564,15.0,77,0,2.06,ES,1616986107
550,Lastoursville,-0.8143,12.7287,21.74,98,100,0.65,GA,1616986108
551,Lensk,60.7253,114.9278,-0.51,82,37,1.23,RU,1616986108
552,Obregon,11.9566,-85.9636,29.0,48,20,5.14,NI,1616986108
553,Port Pirie,-33.1833,138.0167,23.0,53,0,3.09,AU,1616986108
554,Bonthe,7.5264,-12.505,25.95,86,100,0.14,SL,1616986109
555,Zhigalovo,54.8097,105.1578,1.24,74,100,0.87,RU,1616986109
556,Talovaya,51.1144,40.73,-0.17,84,100,2.81,RU,1616986109
557,Port Hueneme,34.1478,-119.1951,17.22,77,1,6.69,US,1616986109
558,Maceió,-9.6658,-35.7353,24.0,94,75,1.03,BR,1616985966
559,Lat Yao,15.751,99.7893,32.78,68,87,3.18,TH,1616986110
560,Isangel,-19.55,169.2667,28.65,71,49,3.65,VU,1616986110
561,Al Bardīyah,31.7561,25.0865,12.93,68,3,4.62,LY,1616986110
562,Coyhaique,-45.5752,-72.0662,10.29,95,27,1.39,CL,1616986089
